# B(E2;0+->2+) adoptes, NNDC (https://www.nndc.bnl.gov/be2/data/adopted-entries.json)
# Pritychenko et al. ADNDT 107 (2016) 1, sinon Raman et al. ADNDT 78 (2001) 1
# B(E2) en e^2 b^2, E(2+) en keV ; beta2_table : valeur imprimee (R0 = 1,2 A^(1/3) fm)
Z,N,E2_keV,BE2,BE2_err,beta2_table,reference
4,6,3368.03,0.00467,0.00021,1.071,Pritychenko 2016
4,8,2102,0.004,0.0017,0.88,Pritychenko 2016
6,4,3353.7,0.0045,0.00042,0.701,Pritychenko 2016
6,6,4438.91,0.00397,0.0002,0.583,Pritychenko 2016
6,8,7012,0.00187,0.00025,0.36,Raman 2001
6,10,1766,0.00179,0.0002,0.323,Pritychenko 2016
6,12,1620,0.00168,0.00019,0.289,Pritychenko 2016
6,14,1618,0.0038,0.0013,0.405,Pritychenko 2016
8,8,6917.1,0.00371,0.00039,0.349,Pritychenko 2016
8,10,1982.07,0.0043,0.00038,0.347,Pritychenko 2016
8,12,1673.6,0.00298,0.00026,0.269,Pritychenko 2016
8,14,3199,0.0021,0.0008,0.212,Pritychenko 2016
10,8,1887.3,0.0243,0.0016,0.661,Pritychenko 2016
10,10,1633.674,0.0333,0.0016,0.721,Pritychenko 2016
10,12,1274.577,0.02298,0.00042,0.5616,Pritychenko 2016
10,14,1981.6,0.0143,0.0041,0.418,Pritychenko 2016
10,16,2018.2,0.0155,0.0032,0.413,Pritychenko 2016
10,18,1304,0.0136,0.0023,0.367,Pritychenko 2016
12,10,1247.02,0.034,0.014,0.57,Pritychenko 2016
12,12,1368.672,0.04372,0.0009,0.6092,Pritychenko 2016
12,14,1808.73,0.03136,0.00072,0.4891,Pritychenko 2016
12,16,1473.88,0.0366,0.0046,0.503,Pritychenko 2016
12,18,1482.8,0.0273,0.0026,0.415,Pritychenko 2016
12,20,885.3,0.0434,0.0052,0.501,Pritychenko 2016
12,22,652,0.0573,0.0079,0.553,Pritychenko 2016
14,10,1879,0.0096,0.003,0.245,Pritychenko 2016
14,12,1795.9,0.0344,0.0025,0.439,Pritychenko 2016
14,14,1779.03,0.03267,0.0005,0.4073,Pritychenko 2016
14,16,2235.322,0.02081,0.00064,0.3105,Pritychenko 2016
14,18,1941.4,0.0122,0.0015,0.228,Pritychenko 2016
14,20,3327.7,0.0085,0.0033,0.183,Pritychenko 2016
14,22,1399,0.0193,0.0059,0.265,Pritychenko 2016
14,24,1084,0.0193,0.0071,0.255,Pritychenko 2016
14,26,,0.043,0.012,0.37,Pritychenko 2016
16,12,1512,0.0181,0.0031,0.265,Pritychenko 2016
16,14,2210.6,0.0324,0.0022,0.339,Pritychenko 2016
16,16,2230.57,0.02958,0.00065,0.3102,Pritychenko 2016
16,18,2127.564,0.02083,0.0012,0.25,Pritychenko 2016
16,20,3290.9,0.00886,0.0007,0.1569,Pritychenko 2016
16,22,1292,0.0235,0.003,0.247,Pritychenko 2016
16,24,903.69,0.0334,0.0036,0.284,Pritychenko 2016
16,26,890,0.0397,0.0063,0.3,Pritychenko 2016
16,28,1329,0.0314,0.0088,0.258,Pritychenko 2016
18,14,1867,0.0266,0.0068,0.261,Pritychenko 2016
18,16,2090.9,0.0232,0.0029,0.235,Pritychenko 2016
18,18,1970.39,0.0301,0.0016,0.2573,Pritychenko 2016
18,20,2167.64,0.01245,0.00042,0.1595,Pritychenko 2016
18,22,1460.851,0.0332,0.0017,0.2519,Pritychenko 2016
18,24,1208.24,0.042,0.01,0.273,Pritychenko 2016
18,26,1157.97,0.0358,0.0029,0.246,Pritychenko 2016
18,28,1577,0.0243,0.0022,0.196,Pritychenko 2016
18,30,1038,0.0346,0.0055,0.228,Pritychenko 2016
20,18,2213.13,0.0097,0.0027,0.127,Pritychenko 2016
20,20,3904.38,0.00924,0.00068,0.1196,Pritychenko 2016
20,22,1524.7,0.0369,0.002,0.2312,Pritychenko 2016
20,24,1157.019,0.0467,0.0021,0.2522,Pritychenko 2016
20,26,1346,0.0168,0.0013,0.1468,Pritychenko 2016
20,28,3831.72,0.0092,0.0009,0.1054,Pritychenko 2016
20,30,1026.72,0.00373,0.00019,0.0654,Pritychenko 2016
22,20,1556,0.086,0.016,0.321,Pritychenko 2016
22,22,1083.06,0.068,0.0044,0.277,Pritychenko 2016
22,24,889.286,0.0951,0.0025,0.3175,Pritychenko 2016
22,26,983.539,0.0662,0.0029,0.2575,Pritychenko 2016
22,28,1553.778,0.0275,0.0016,0.1617,Pritychenko 2016
22,30,1049.73,0.0603,0.0027,0.2331,Pritychenko 2016
22,32,1494.8,0.0357,0.0063,0.175,Pritychenko 2016
22,34,1128.2,0.06,0.02,0.221,Pritychenko 2016
24,22,892.16,0.093,0.02,0.288,Pritychenko 2016
24,24,752.19,0.137,0.015,0.34,Pritychenko 2016
24,26,783.3,0.1052,0.0032,0.2897,Pritychenko 2016
24,28,1434.094,0.0622,0.0024,0.217,Pritychenko 2016
24,30,834.855,0.0853,0.0042,0.2478,Pritychenko 2016
24,32,1006.61,0.055,0.019,0.195,Pritychenko 2016
24,34,880.7,0.097,0.013,0.252,Pritychenko 2016
24,36,646,0.121,0.015,0.275,Pritychenko 2016
24,38,447,0.173,0.017,0.322,Pritychenko 2016
24,40,430,0.156,0.04,0.299,Pritychenko 2016
26,28,1408.19,0.0608,0.0031,0.193,Pritychenko 2016
26,30,846.776,0.0981,0.002,0.239,Pritychenko 2016
26,32,810.7662,0.122,0.006,0.27,Pritychenko 2016
26,34,823.63,0.0938,0.0088,0.224,Pritychenko 2016
26,36,876.8,0.102,0.009,0.228,Pritychenko 2016
26,38,746.4,0.173,0.016,0.291,Pritychenko 2016
26,40,574.4,0.152,0.01,0.267,Pritychenko 2016
26,42,522,0.178,0.022,0.283,Pritychenko 2016
28,26,1392.3,0.061,0.012,0.179,Pritychenko 2016
28,28,2700.6,0.0453,0.0086,0.151,Pritychenko 2016
28,30,1454.21,0.065,0.0012,0.1768,Pritychenko 2016
28,32,1332.518,0.0916,0.0016,0.2052,Pritychenko 2016
28,34,1172.91,0.0889,0.003,0.1977,Pritychenko 2016
28,36,1345.75,0.0674,0.0032,0.1686,Pritychenko 2016
28,38,1424.8,0.06,0.01,0.1558,Pritychenko 2016
28,40,2034.07,0.0261,0.006,0.101,Pritychenko 2016
28,42,1259.6,0.086,0.014,0.179,Pritychenko 2016
28,46,1024,0.064,0.022,0.149,Pritychenko 2016
30,32,954,0.1224,0.0059,0.2166,Pritychenko 2016
30,34,991.56,0.1494,0.004,0.2342,Pritychenko 2016
30,36,1039.2279,0.137,0.0033,0.2198,Pritychenko 2016
30,38,1077.37,0.1199,0.0021,0.2015,Pritychenko 2016
30,40,884.46,0.151,0.008,0.2218,Pritychenko 2016
30,42,652.7,0.188,0.017,0.243,Pritychenko 2016
30,44,605.9,0.195,0.015,0.243,Pritychenko 2016
30,46,598.68,0.145,0.018,0.206,Pritychenko 2016
30,48,730.2,0.077,0.019,0.147,Pritychenko 2016
30,50,1492,0.073,0.009,0.141,Pritychenko 2016
32,32,1128.2,0.208,0.032,0.259,Pritychenko 2016
32,34,956.94,0.134,0.011,0.2038,Pritychenko 2016
32,36,1015.801,0.1242,0.0055,0.1923,Pritychenko 2016
32,38,1039.485,0.179,0.003,0.2264,Pritychenko 2016
32,40,834.011,0.2087,0.003,0.24,Pritychenko 2016
32,42,595.85,0.306,0.015,0.285,Pritychenko 2016
32,44,562.93,0.2735,0.003,0.265,Pritychenko 2016
32,46,619.36,0.222,0.014,0.2346,Pritychenko 2016
32,48,659.15,0.139,0.027,0.183,Pritychenko 2016
32,50,1347.51,0.121,0.015,0.167,Pritychenko 2016
34,34,854.2,0.211,0.029,0.236,Pritychenko 2016
34,36,944.52,0.169,0.011,0.207,Pritychenko 2016
34,38,862.07,0.1895,0.0079,0.2152,Pritychenko 2016
34,40,634.74,0.357,0.02,0.2902,Pritychenko 2016
34,42,559.102,0.432,0.011,0.3133,Pritychenko 2016
34,44,613.727,0.343,0.012,0.2744,Pritychenko 2016
34,46,666.27,0.2521,0.0082,0.2314,Pritychenko 2016
34,48,654.75,0.183,0.01,0.1939,Pritychenko 2016
34,50,1454.55,0.105,0.015,0.145,Pritychenko 2016
36,36,709.72,0.466,0.065,0.319,Pritychenko 2016
36,38,455.61,0.627,0.031,0.363,Pritychenko 2016
36,40,423.96,0.758,0.026,0.392,Pritychenko 2016
36,42,455.033,0.634,0.016,0.3524,Pritychenko 2016
36,44,616.6,0.381,0.012,0.2686,Pritychenko 2016
36,46,776.52,0.2251,0.0064,0.2031,Pritychenko 2016
36,48,881.615,0.1268,0.0038,0.15,Pritychenko 2016
36,50,1564.75,0.1056,0.0095,0.1347,Pritychenko 2016
36,52,775.31,0.0895,0.0093,0.1222,Pritychenko 2016
36,54,707.13,0.154,0.184,0.158,Pritychenko 2016
36,56,769.1,0.2073,0.007,0.1805,Pritychenko 2016
36,58,666.1,0.247,0.028,0.194,Pritychenko 2016
36,60,554.1,0.436,0.093,0.254,Pritychenko 2016
38,38,262.3,1.08,0.14,0.443,Pritychenko 2016
38,40,277.6,0.97,0.1,0.413,Pritychenko 2016
38,42,385.88,0.909,0.04,0.393,Pritychenko 2016
38,44,573.54,0.505,0.025,0.2884,Pritychenko 2016
38,46,793.22,0.292,0.023,0.2156,Pritychenko 2016
38,48,1076.68,0.1341,0.0077,0.1439,Pritychenko 2016
38,50,1836.087,0.0903,0.0028,0.1163,Pritychenko 2016
38,52,831.68,0.102,0.034,0.122,Pritychenko 2016
38,54,814.98,0.095,0.048,0.116,Pritychenko 2016
38,56,836.9,0.099,0.047,0.117,Pritychenko 2016
38,58,814.93,0.231,0.011,0.1753,Pritychenko 2016
38,60,144.225,1.24,0.061,0.401,Pritychenko 2016
38,62,129.16,1.22,0.17,0.392,Pritychenko 2016
40,42,407,0.91,0.09,0.368,Pritychenko 2016
40,44,539.92,0.437,0.024,0.2506,Pritychenko 2016
40,46,751.75,0.157,0.03,0.148,Pritychenko 2016
40,48,1057.03,0.086,0.01,0.1077,Pritychenko 2016
40,50,2186.274,0.0627,0.0034,0.0907,Pritychenko 2016
40,52,934.47,0.08,0.0039,0.1009,Pritychenko 2016
40,54,918.75,0.0629,0.0045,0.0882,Pritychenko 2016
40,56,1750.497,0.0314,0.0033,0.0615,Pritychenko 2016
40,60,212.53,1.11,0.044,0.3556,Pritychenko 2016
40,62,151.78,1.35,0.12,0.387,Pritychenko 2016
40,64,139.3,1.958,0.1,0.46,Pritychenko 2016
40,66,152.1,1.55,0.05,0.36,Pritychenko 2016
42,50,1509.51,0.0975,0.0043,0.1061,Pritychenko 2016
42,52,871.098,0.2072,0.0074,0.1525,Pritychenko 2016
42,54,778.237,0.2775,0.0059,0.174,Pritychenko 2016
42,56,787.384,0.2695,0.0057,0.1692,Pritychenko 2016
42,58,535.561,0.53,0.022,0.234,Pritychenko 2016
42,60,296.61,0.976,0.045,0.3135,Pritychenko 2016
42,62,192.19,1.28,0.11,0.354,Pritychenko 2016
42,64,171.549,1.29,0.065,0.351,Pritychenko 2016
42,66,192.79,1.74,0.46,0.403,Pritychenko 2016
44,52,832.56,0.2379,0.0065,0.1538,Pritychenko 2016
44,54,652.44,0.401,0.013,0.197,Pritychenko 2016
44,56,539.51,0.4927,0.0041,0.21539,Pritychenko 2016
44,58,475.0962,0.632,0.012,0.2408,Pritychenko 2016
44,60,358.02,0.826,0.017,0.2717,Pritychenko 2016
44,62,270.07,1.074,0.095,0.306,Pritychenko 2016
44,64,242.23,0.894,0.069,0.276,Pritychenko 2016
44,66,240.71,1.071,0.061,0.298,Pritychenko 2016
44,68,236.66,1.107,0.096,0.299,Pritychenko 2016
46,54,665.5,0.347,0.016,0.1728,Pritychenko 2016
46,56,556.44,0.46,0.023,0.1965,Pritychenko 2016
46,58,555.81,0.529,0.015,0.208,Pritychenko 2016
46,60,511.85,0.66,0.017,0.2294,Pritychenko 2016
46,62,433.938,0.764,0.02,0.2437,Pritychenko 2016
46,64,373.8,0.865,0.023,0.2562,Pritychenko 2016
46,66,348.79,0.64,0.11,0.218,Pritychenko 2016
46,68,332.5,0.83,0.15,0.245,Pritychenko 2016
46,70,340.26,0.57,0.18,0.201,Pritychenko 2016
48,52,1004.11,0.28,,0.1488,Pritychenko 2016
48,54,776.55,0.257,0.023,0.1407,Pritychenko 2016
48,56,658,0.337,0.019,0.159,Pritychenko 2016
48,58,632.64,0.407,0.012,0.1726,Pritychenko 2016
48,60,632.988,0.419,0.014,0.173,Pritychenko 2016
48,62,657.7645,0.426,0.021,0.1723,Pritychenko 2016
48,64,617.52,0.501,0.022,0.1847,Pritychenko 2016
48,66,558.456,0.536,0.025,0.1888,Pritychenko 2016
48,68,513.49,0.58,0.26,0.194,Pritychenko 2016
48,70,487.77,0.578,0.044,0.1915,Pritychenko 2016
48,72,505.94,0.473,0.055,0.171,Pritychenko 2016
48,74,569.45,0.44,0.2,0.163,Pritychenko 2016
48,76,612.8,0.35,0.19,0.144,Pritychenko 2016
48,78,,0.263,0.06,0.124,Pritychenko 2016
50,54,1260.1,0.176,0.028,0.1104,Pritychenko 2016
50,56,1207.7,0.209,0.033,0.1187,Pritychenko 2016
50,58,1206.07,0.224,0.016,0.1214,Pritychenko 2016
50,60,1211.88,0.231,0.018,0.1217,Pritychenko 2016
50,62,1256.85,0.232,0.011,0.1207,Pritychenko 2016
50,64,1299.907,0.215,0.013,0.1147,Pritychenko 2016
50,66,1293.56,0.2062,0.005,0.111,Pritychenko 2016
50,68,1229.666,0.207,0.004,0.11,Pritychenko 2016
50,70,1171.265,0.1975,0.0024,0.1063,Pritychenko 2016
50,72,1140.51,0.1887,0.0045,0.102713,Pritychenko 2016
50,74,1131.739,0.1622,0.004,0.0942,Pritychenko 2016
50,76,1141.15,0.1269,0.0073,0.0825,Pritychenko 2016
50,78,1168.82,0.0771,0.0038,0.0636,Pritychenko 2016
50,80,1221.26,0.023,0.005,0.0344,Pritychenko 2016
50,82,4041.2,0.118,0.026,0.0771,Pritychenko 2016
50,84,725.6,0.029,0.005,0.0378,Pritychenko 2016
52,56,625.2,0.387,0.047,0.153,Pritychenko 2016
52,60,689.01,0.46,0.04,0.163,Pritychenko 2016
52,62,708.74,0.556,0.045,0.1774,Pritychenko 2016
52,66,605.706,0.57,0.1,0.175,Pritychenko 2016
52,68,560.438,0.685,0.033,0.1903,Pritychenko 2016
52,70,564.094,0.65,0.3,0.1834,Pritychenko 2016
52,72,602.7271,0.56,0.028,0.1684,Pritychenko 2016
52,74,666.352,0.4738,0.0093,0.1532,Pritychenko 2016
52,76,743.219,0.38,0.0071,0.1358,Pritychenko 2016
52,78,839.494,0.296,0.01,0.1185,Pritychenko 2016
52,80,974.22,0.207,0.017,0.0983,Pritychenko 2016
52,82,1279.11,0.1034,0.004,0.0687,Pritychenko 2016
52,84,606.64,0.122,0.018,0.0739,Pritychenko 2016
54,60,450.08,0.971,0.058,0.2257,Pritychenko 2016
54,62,393.6,1.211,0.061,0.2492,Pritychenko 2016
54,64,337.32,1.383,0.045,0.2633,Pritychenko 2016
54,66,332.61,1.739,0.11,0.292,Pritychenko 2016
54,68,331.28,1.349,0.068,0.2544,Pritychenko 2016
54,70,354.04,1.072,0.044,0.2243,Pritychenko 2016
54,72,388.631,0.826,0.06,0.1949,Pritychenko 2016
54,74,442.911,0.79,0.038,0.1885,Pritychenko 2016
54,76,536.068,0.634,0.029,0.1671,Pritychenko 2016
54,78,667.715,0.468,0.024,0.1422,Pritychenko 2016
54,80,847.041,0.317,0.018,0.1158,Pritychenko 2016
54,82,1313.027,0.217,0.033,0.0949,Pritychenko 2016
54,84,588.827,0.38,0.1,0.124,Pritychenko 2016
54,86,376.658,0.522,0.04,0.144,Pritychenko 2016
54,88,287.2,0.69,0.1,0.164,Pritychenko 2016
54,90,,0.73,0.17,0.168,Pritychenko 2016
56,66,195.9,2.34,0.22,0.323,Pritychenko 2016
56,68,229.91,2.096,0.078,0.3024,Pritychenko 2016
56,70,256.02,1.74,0.8,0.2726,Pritychenko 2016
56,72,284,1.441,0.053,0.2455,Pritychenko 2016
56,74,357.38,1.138,0.046,0.2159,Pritychenko 2016
56,76,464.508,0.847,0.057,0.1844,Pritychenko 2016
56,78,604.7223,0.665,0.019,0.1617,Pritychenko 2016
56,80,818.497,0.413,0.011,0.1262,Pritychenko 2016
56,82,1435.816,0.23,0.11,0.0933,Pritychenko 2016
56,84,602.36,0.484,0.038,0.134,Pritychenko 2016
56,86,359.597,0.676,0.035,0.1569,Pritychenko 2016
56,88,199.326,1.012,0.055,0.1902,Pritychenko 2016
56,90,181.05,1.35,0.068,0.2177,Pritychenko 2016
58,66,141.9,3.5,0.82,0.377,Pritychenko 2016
58,68,169.59,3.65,0.46,0.381,Pritychenko 2016
58,70,207.09,2.27,0.13,0.2975,Pritychenko 2016
58,72,253.85,1.755,0.079,0.2589,Pritychenko 2016
58,74,325.34,1.69,0.11,0.2515,Pritychenko 2016
58,76,409.2,1.062,0.085,0.1974,Pritychenko 2016
58,78,552.2,0.81,0.09,0.1707,Pritychenko 2016
58,80,788.744,0.467,0.01,0.1283,Pritychenko 2016
58,82,1596.237,0.3,0.015,0.1018,Pritychenko 2016
58,84,641.282,0.4572,0.005,0.1245,Pritychenko 2016
58,86,397.441,0.96,0.24,0.179,Pritychenko 2016
58,88,258.46,0.97,0.11,0.178,Pritychenko 2016
58,90,158.467,2.02,0.11,0.2548,Pritychenko 2016
58,92,97.1,3.18,0.48,0.317,Pritychenko 2016
58,94,81.7,5.9,1.3,0.429,Pritychenko 2016
60,70,159.05,3.9,1.6,0.373,Pritychenko 2016
60,72,213.16,3.58,0.59,0.354,Pritychenko 2016
60,74,294.17,1.879,0.052,0.2538,Pritychenko 2016
60,76,373.72,1.66,0.23,0.236,Pritychenko 2016
60,80,773.73,0.72,0.05,0.1526,Pritychenko 2016
60,82,1575.781,0.265,0.013,0.0917,Pritychenko 2016
60,84,696.561,0.504,0.015,0.1253,Pritychenko 2016
60,86,453.77,0.748,0.022,0.1512,Pritychenko 2016
60,88,301.702,1.338,0.03,0.2004,Pritychenko 2016
60,90,130.21,2.707,0.03,0.2825,Pritychenko 2016
60,92,72.51,4.1,0.22,0.3447,Pritychenko 2016
60,94,70.8,2.35,0.66,0.258,Pritychenko 2016
62,72,163,4.14,0.34,0.365,Pritychenko 2016
62,74,254.92,2.71,0.26,0.292,Pritychenko 2016
62,76,346.75,1.3,0.19,0.2,Pritychenko 2016
62,78,530.68,1.053,0.07,0.179,Pritychenko 2016
62,80,768,0.7,0.09,0.144,Pritychenko 2016
62,82,1660.027,0.259,0.019,0.0869,Pritychenko 2016
62,84,747.115,0.24,-0.07,0.083,Pritychenko 2016
62,86,550.255,0.713,0.035,0.1416,Pritychenko 2016
62,88,333.863,1.347,0.026,0.1929,Pritychenko 2016
62,90,121.7817,3.4611,0.0021,0.3065,Pritychenko 2016
62,92,81.981,4.345,0.044,0.3404,Pritychenko 2016
62,94,75.89,7.2,,0.434,Pritychenko 2016
64,74,220.79,2.18,0.13,0.2513,Pritychenko 2016
64,84,784.432,0.228,0.085,0.078,Pritychenko 2016
64,88,344.2789,1.655,0.065,0.2053,Pritychenko 2016
64,90,123.0709,3.872,0.016,0.3113,Pritychenko 2016
64,92,88.97,4.7,1.1,0.3399,Pritychenko 2016
64,94,79.5128,5.09,0.11,0.351,Pritychenko 2016
64,96,75.26,5.183,0.013,0.35109,Pritychenko 2016
64,98,71.6,5.5,0.11,0.3588,Pritychenko 2016
64,100,73.3,5.29,0.27,0.3489,Pritychenko 2016
66,86,613.82,0.43,0.23,0.101,Pritychenko 2016
66,88,334.34,2.42,0.12,0.2387,Pritychenko 2016
66,90,137.77,3.72,0.12,0.2933,Pritychenko 2016
66,92,98.918,4.66,0.11,0.3255,Pritychenko 2016
66,94,86.7878,5.049,0.04,0.336,Pritychenko 2016
66,96,80.661,5.227,0.084,0.3391,Pritychenko 2016
66,98,73.392,5.616,0.068,0.3486,Pritychenko 2016
68,88,344.51,1.645,0.08,0.1893,Pritychenko 2016
68,90,192.15,3.41,0.13,0.2703,Pritychenko 2016
68,92,125.8,4.34,0.15,0.3024,Pritychenko 2016
68,94,102.04,5.04,0.25,0.3232,Pritychenko 2016
68,96,91.38,5.5,0.12,0.3348,Pritychenko 2016
68,98,80.5776,5.748,0.089,0.3396,Pritychenko 2016
68,100,79.804,5.723,0.045,0.3361,Pritychenko 2016
68,102,78.599,5.838,0.068,0.3368,Pritychenko 2016
70,88,358.2,1.84,0.22,0.193,Pritychenko 2016
70,90,243.1,2.44,0.16,0.2202,Pritychenko 2016
70,92,166.72,3.47,0.11,0.2606,Pritychenko 2016
70,94,123.31,4.33,0.14,0.2886,Pritychenko 2016
70,96,102.37,5.2,0.2,0.3137,Pritychenko 2016
70,98,87.73,5.75,0.12,0.324,Pritychenko 2016
70,100,84.25468,5.721,0.07,0.3239,Pritychenko 2016
70,102,78.7427,6.09,0.15,0.3315,Pritychenko 2016
70,104,76.471,5.85,0.16,0.3226,Pritychenko 2016
70,106,82.135,5.189,0.089,0.3014,Pritychenko 2016
72,90,285,1.34,0.1,0.1574,Pritychenko 2016
72,92,210.7,1.82,0.17,0.1819,Pritychenko 2016
72,94,158.64,3.46,0.16,0.2488,Pritychenko 2016
72,96,124.1,4.393,0.036,0.2781,Pritychenko 2016
72,98,100.8,5.11,0.18,0.2976,Pritychenko 2016
72,100,95.22,5.77,0.1,0.314,Pritychenko 2016
72,102,90.985,5.38,0.2,0.301,Pritychenko 2016
72,104,88.349,5.42,0.17,0.299,Pritychenko 2016
72,106,93.1803,4.736,0.063,0.2779,Pritychenko 2016
72,108,93.3243,4.647,0.003,0.27319,Pritychenko 2016
74,94,199.3,3.22,0.16,0.2317,Pritychenko 2016
74,96,156.72,3.5,0.17,0.2396,Pritychenko 2016
74,98,123.2,5.363,0.015,0.29434,Pritychenko 2016
74,100,113,4.38,0.35,0.264,Pritychenko 2016
74,102,108.3,4.953,0.031,0.27856,Pritychenko 2016
74,104,105.9,4.552,0.058,0.265,Pritychenko 2016
74,106,103.531,4.15,0.14,0.251,Pritychenko 2016
74,108,100.10598,4.123,0.042,0.2485,Pritychenko 2016
74,110,111.2174,3.706,0.035,0.2339,Pritychenko 2016
74,112,122.63,3.5,0.038,0.2257,Pritychenko 2016
74,114,143.16,2.71,0.38,0.198,Pritychenko 2016
76,96,227.77,3.28,0.2,0.2241,Pritychenko 2016
76,98,158.6,4.55,0.17,0.2618,Pritychenko 2016
76,100,135.1,3.2,0.48,0.218,Pritychenko 2016
76,102,132.2,4.12,0.28,0.2456,Pritychenko 2016
76,104,132.11,4.07,0.38,0.242,Pritychenko 2016
76,106,126.89,3.896,0.085,0.2352,Pritychenko 2016
76,108,119.77,3.214,0.079,0.2121,Pritychenko 2016
76,110,137.159,3.064,0.072,0.2056,Pritychenko 2016
76,112,155.021,2.5,0.036,0.1844,Pritychenko 2016
76,114,186.718,2.354,0.09,0.1777,Pritychenko 2016
76,116,205.79442,2.03,0.1,0.1639,Pritychenko 2016
78,98,264,2.55,0.23,0.1896,Pritychenko 2016
78,100,170.3,4.24,0.31,0.2427,Pritychenko 2016
78,102,153.21,4.66,0.43,0.253,Pritychenko 2016
78,104,154.97,3.46,0.2,0.216,Pritychenko 2016
78,106,162.98,3.79,0.2,0.2244,Pritychenko 2016
78,108,191.53,3.04,0.12,0.2,Pritychenko 2016
78,110,265.63,2.6,0.47,0.183,Pritychenko 2016
78,112,295.8,1.854,0.09,0.1537,Pritychenko 2016
78,114,316.50714,1.94,0.065,0.1561,Pritychenko 2016
78,116,328.464,1.631,0.068,0.1421,Pritychenko 2016
78,118,355.6841,1.401,0.068,0.1308,Pritychenko 2016
78,120,407.22,1.072,0.05,0.1137,Pritychenko 2016
80,100,434.3,1.45,0.21,0.1373,Pritychenko 2016
80,102,351.7,1.677,0.088,0.1466,Pritychenko 2016
80,104,366.78,1.623,0.071,0.143,Pritychenko 2016
80,106,405.33,1.47,0.21,0.135,Pritychenko 2016
80,108,412.8,1.72,0.27,0.145,Pritychenko 2016
80,116,425.98,1.143,0.082,0.1152,Pritychenko 2016
80,118,411.8025,0.9612,0.007,0.1049,Pritychenko 2016
80,120,367.943,0.855,0.028,0.0983,Pritychenko 2016
80,122,439.512,0.615,0.021,0.0828,Pritychenko 2016
80,124,436.552,0.424,0.021,0.0683,Pritychenko 2016
82,104,662.4,0.19,0.053,0.0475,Pritychenko 2016
82,106,723.9,0.255,0.085,0.0546,Pritychenko 2016
82,122,899.165,0.1587,0.0069,0.04078,Pritychenko 2016
82,124,803.054,0.0989,0.0028,0.03198,Pritychenko 2016
82,126,4085.52,0.287,0.018,0.0541,Pritychenko 2016
82,128,799.7,0.051,0.015,0.0224,Raman 2001
84,110,319.8,2.99,0.59,0.179,Pritychenko 2016
84,112,463.12,1.59,0.21,0.1294,Pritychenko 2016
84,126,1181.4,0.02,0.004,0.0138,Pritychenko 2016
86,116,504,1.0,0.29,0.098,Pritychenko 2016
86,118,542.9,1.51,0.52,0.12,Pritychenko 2016
86,134,240.986,1.872,0.063,0.127,Pritychenko 2016
86,136,186.211,2.36,0.15,0.1417,Pritychenko 2016
88,130,388.9,1.0,0.1,0.091,Pritychenko 2016
88,134,111.12,4.51,0.36,0.1915,Pritychenko 2016
88,136,84.373,3.99,0.052,0.179,Pritychenko 2016
88,138,67.67,5.16,0.13,0.2024,Pritychenko 2016
88,140,63.823,5.98,0.2,0.2167,Pritychenko 2016
90,132,183.3,2.98,0.25,0.1522,Pritychenko 2016
90,134,98.1,3.96,0.27,0.1744,Pritychenko 2016
90,136,72.2,6.82,0.35,0.2303,Pritychenko 2016
90,138,57.759,7.05,0.12,0.2299,Pritychenko 2016
90,140,53.227,8.14,0.21,0.2456,Pritychenko 2016
90,142,49.369,9.02,0.38,0.2571,Pritychenko 2016
90,144,49.55,7.92,0.64,0.2395,Pritychenko 2016
92,138,51.727,9.5,1.1,0.26,Pritychenko 2016
92,140,47.573,9.91,0.79,0.264,Pritychenko 2016
92,142,43.4981,10.22,0.5,0.2662,Pritychenko 2016
92,144,45.244,10.96,0.28,0.2741,Pritychenko 2016
92,146,44.916,12.19,0.62,0.2741,Pritychenko 2016
94,144,44.076,12.26,0.34,0.2821,Pritychenko 2016
94,146,42.824,13.13,0.39,0.2904,Pritychenko 2016
94,148,44.54,14.01,0.75,0.2983,Pritychenko 2016
94,150,44.2,13.61,0.68,0.2924,Pritychenko 2016
96,144,38,14.26,0.98,0.296,Pritychenko 2016
96,148,42.965,14.58,0.73,0.2963,Pritychenko 2016
96,150,42.851,14.94,0.75,0.2983,Pritychenko 2016
96,152,43.4,14.43,0.75,0.2857,Pritychenko 2016
98,152,42.721,16.0,1.6,0.298,Pritychenko 2016
98,154,45.72,16.7,1.1,0.304,Pritychenko 2016
